INSERT INTO public.client VALUES
(1,'Durand','Paul','paul.durand@luminatech.fr','06 12 45 78 32','LuminaTech','12 rue Victor Hugo','75015','Paris','France'),
(2,'Martin','Sophie','contact@novastrat.fr','07 55 83 19 64','NovaStrat','8 avenue Jean Jaurès','69007','Lyon','France'),
(3,'Bernard','Luc','luc.bernard@bluecanyon.fr','06 89 21 43 77','BlueCanyon Solutions','25 boulevard National','13003','Marseille','France'),
(4,'Petit','Claire','claire@eclatcreatif.fr','07 42 16 90 58','Éclat Créatif','3 rue de la République','31000','Toulouse','France'),
(5,'Moreau','Antoine','antoine@aurorelabs.fr','06 73 54 28 19','Aurore Labs','17 quai de la Fosse','44000','Nantes','France'),
(6,'Simon','Julie','julie@verdeconsulting.fr','07 61 37 82 44','Verde Consulting','6 cours de l’Intendance','33000','Bordeaux','France'),
(7,'Laurent','David','david@optimaforge.fr','06 28 95 41 63','Optima Forge','10 promenade des Anglais','06000','Nice','France'),
(8,'Michel','Emma','emma@pixelwave.fr','07 90 15 36 72','PixelWave','14 rue Faidherbe','59800','Lille','France'),
(9,'Garcia','Lucas','lucas@technova.fr','06 54 23 87 11','TechNova','5 place Kléber','67000','Strasbourg','France'),
(10,'Roux','Sarah','sarah@digitalpulse.fr','07 49 62 14 83','DigitalPulse','21 rue Saint-Michel','35000','Rennes','France'),
(11,'Lopez','Carlos','c.lopez@iberiatech.es','+34 612 334 221','IberiaTech','Calle Mayor 18','28013','Madrid','Espagne'),
(12,'Schmidt','Anna','anna@rheinlabs.de','+49 151 223344','RheinLabs','Hauptstrasse 22','10115','Berlin','Allemagne'),
(13,'Rossi','Marco','marco@stellait.it','+39 347 889977','Stella IT','Via Roma 45','20100','Milan','Italie'),
(14,'Vincent','Hugo','hugo@horizonventure.fr','06 84 37 59 26','Horizon Venture','2 rue Pasteur','51100','Reims','France'),
(15,'Fournier','Lea','lea@claritypartners.fr','07 31 78 45 69','Clarity Partners','9 rue Gambetta','80000','Amiens','France'),
(16,'Girard','Nathan','nathan@nebulainnovations.fr','06 47 12 63 95','Nebula Innovations','18 avenue Centrale','34000','Montpellier','France'),
(17,'Andre','Camille','camille@artemisstudio.fr','07 66 28 94 17','Artemis Studio','11 rue Victor Basch','21000','Dijon','France'),
(18,'Mercier','Tom','tom@summitworks.fr','06 93 51 20 48','SummitWorks','6 rue des Arts','38000','Grenoble','France'),
(19,'Dubois','Marc','marc@ironleafservices.fr','06 38 72 55 91','IronLeaf Services','15 boulevard Carnot','49100','Angers','France'),
(20,'Renaud','Chloe','chloe@quantumedge.fr','07 81 29 63 44','QuantumEdge','6 rue Royale','59000','Lille','France'),
(21,'Brown','James','j.brown@northdata.uk','+44 7712 334455','NorthData','221 Baker Street','NW1','Londres','Royaume-Uni'),
(22,'Miller','Emma','emma.miller@techsphere.us','+1 415 332 7788','TechSphere','5th Avenue 210','10001','New York','USA'),
(23,'Legrand','Noah','noah@vertexlabs.fr','06 51 22 94 46','Vertex Labs','8 rue de la Gare','72000','Le Mans','France'),
(24,'Morel','Emma','emma@novaidea.fr','07 22 18 43 90','NovaIdea','5 rue du Parc','67000','Strasbourg','France'),
(25,'Gauthier','Maxime','maxime@solsticeconsult.fr','06 44 33 21 78','Solstice Consulting','12 avenue Victor Hugo','75016','Paris','France'),
(26,'Faure','Clara','clara@skylab.fr','07 18 45 67 32','SkyLab','8 boulevard de la Liberté','33000','Bordeaux','France'),
(27,'Perrin','Julien','julien@auralys.fr','06 78 22 11 44','Auralys','14 rue des Lilas','69003','Lyon','France'),
(28,'Collet','Manon','manon@lumenor.fr','07 33 55 66 77','Lumenor','3 avenue de la République','31000','Toulouse','France'),
(29,'Noel','Lucas','lucas@stellaris.fr','06 21 44 33 55','Stellaris','7 rue du Général Leclerc','44000','Nantes','France'),
(30,'Dumont','Julie','julie@novalys.fr','07 12 88 44 19','Novalys','6 cours des Arts','38000','Grenoble','France'),
(31,'Benoit','Thomas','thomas@aerion.fr','06 95 31 27 63','Aerion','18 boulevard Saint-Michel','35000','Rennes','France'),
(32,'Riviere','Chloe','chloe@zephyra.fr','07 44 22 66 88','Zephyra','9 rue Victor Basch','21000','Dijon','France'),
(33,'Meyer','Nathan','nathan@celestia.fr','06 55 77 88 99','Celestia','4 rue Nationale','37000','Tours','France'),
(34,'Brun','Sophie','sophie@orionix.fr','07 66 44 33 22','Orionix','15 rue de la Gare','72000','Le Mans','France'),
(35,'Gillet','Alexandre','alexandre@luminova.fr','06 33 55 77 11','Luminova','2 rue Pasteur','51100','Reims','France'),
(36,'Martinez','Laura','laura@solarys.fr','07 88 66 44 22','Solarys','28 rue Saint-Pierre','14000','Caen','France'),
(37,'Dupuy','Hugo','hugo@aurora-tech.fr','06 12 44 55 66','Aurora Tech','7 rue du Port','29200','Brest','France'),
(38,'Carre','Emma','emma@nebulys.fr','07 25 44 33 22','Nebulys','11 place de la Liberté','83000','Toulon','France'),
(39,'Fernandez','Tom','tom@polaris.fr','06 99 88 77 66','Polaris','19 rue Gambetta','86000','Poitiers','France'),
(40,'Lopez','Lina','lina@solutio.fr','07 11 22 33 44','Solutio','2 boulevard Wilson','66000','Perpignan','France'),
(41,'Rousseau','Noah','noah@vertexis.fr','06 55 44 33 22','Vertexis','8 rue de la Gare','72000','Le Mans','France'),
(42,'Guerin','Clara','clara@aerotek.fr','07 22 33 44 55','AeroTek','12 rue Victor Hugo','75015','Paris','France'),
(43,'Chevalier','Maxime','maxime@lumis.fr','06 33 22 11 44','Lumis','8 avenue Jean Jaurès','69007','Lyon','France'),
(44,'Blanc','Camille','camille@novatrix.fr','07 77 88 99 00','Novatrix','25 boulevard National','13003','Marseille','France'),
(45,'Lemoine','Antoine','antoine@solunova.fr','06 44 55 66 77','Solunova','3 rue de la République','31000','Toulouse','France'),
(46,'Barbier','Sophie','sophie@celestium.fr','07 11 44 22 33','Celestium','17 quai de la Fosse','44000','Nantes','France'),
(47,'Noiret','Lucas','lucas@polarisys.fr','06 99 00 11 22','Polarisys','6 cours de l’Intendance','33000','Bordeaux','France'),
(48,'Renard','Julie','julie@skynova.fr','07 55 44 33 22','Skynova','10 promenade des Anglais','06000','Nice','France'),
(49,'Guyot','David','david@quantumix.fr','06 77 66 55 44','Quantumix','14 rue Faidherbe','59800','Lille','France'),
(50,'Leclerc','Emma','emma@aurion.fr','07 22 44 66 88','Aurion','5 place Kléber','67000','Strasbourg','France'),
(51,'Marchand','Tom','tom@novaedge.fr','06 33 55 77 99','NovaEdge','21 rue Saint-Michel','35000','Rennes','France'),
(52,'Paris','Lina','lina@starlight.fr','07 44 55 66 77','StarLight','2 rue Pasteur','51100','Reims','France'),
(53,'Fabre','Noah','noah@orionix.fr','06 11 22 33 44','Orionix','9 rue Gambetta','80000','Amiens','France'),
(54,'Garcia','Miguel','miguel@solartec.es','+34 611 223 344','SolarTec','Calle Sol 12','08001','Barcelone','Espagne'),
(55,'Colin','Clara','clara@nebulix.fr','07 66 77 88 99','Nebulix','18 avenue Centrale','34000','Montpellier','France'),
(56,'Baron','Nathan','nathan@lumora.fr','06 55 66 77 88','Lumora','11 rue Victor Basch','21000','Dijon','France'),
(57,'Dubois','Alex','alex@montrealtech.ca','+1 514 222 3344','MontrealTech','Rue Sainte-Catherine 55','H2X','Montréal','Canada'),
(58,'Philippe','Julie','julie@solvix.fr','07 88 99 00 11','Solvix','6 rue des Arts','38000','Grenoble','France'),
(59,'Jacquet','Marc','marc@novaris.fr','06 22 33 44 55','Novaris','4 rue Nationale','37000','Tours','France'),
(60,'Marchal','Chloe','chloe@asterix.fr','07 44 33 22 11','Asterix','15 boulevard Carnot','49100','Angers','France'),
(61,'Meyer','Lukas','lukas@zurichlabs.ch','+41 79 222 3344','ZurichLabs','Bahnhofstrasse 8','8001','Zurich','Suisse'),
(62,'Perrot','Louis','louis@lumino.fr','06 77 88 99 00','Lumino','6 rue Royale','59000','Lille','France'),
(63,'Roche','Lea','lea@stellaris.fr','07 11 22 33 44','Stellaris','3 avenue Alsace Lorraine','38000','Grenoble','France'),
(64,'Barre','Nathan','nathan@novaorbis.fr','06 55 44 33 22','NovaOrbis','28 rue Saint-Pierre','14000','Caen','France'),
(65,'Peeters','Emma','emma@belgiatech.be','+32 477 223344','BelgiaTech','Rue Neuve 45','1000','Bruxelles','Belgique'),
(66,'Hamon','Sarah','sarah@polara.fr','07 33 44 55 66','Polara','7 rue du Port','29200','Brest','France'),
(67,'Marion','Tom','tom@quantara.fr','06 99 88 77 66','Quantara','11 place de la Liberté','83000','Toulon','France'),
(68,'Devaux','Lina','lina@aurionix.fr','07 11 33 55 77','Aurionix','19 rue Gambetta','86000','Poitiers','France'),
(69,'Lucas','Noah','noah@celestium.fr','06 22 44 66 88','Celestium','2 boulevard Wilson','66000','Perpignan','France'),
(70,'Smith','Oliver','oliver@atlanticdata.us','+1 212 334 5566','Atlantic Data','Madison Ave 210','10010','New York','USA'),
(71,'Paradis','Clara','clara@skyloris.fr','07 55 66 77 88','Skyloris','8 rue de la Gare','72000','Le Mans','France'),
(72,'Boivin','Maxime','maxime@luminex.fr','06 33 44 55 66','Luminex','12 rue Victor Hugo','75015','Paris','France'),
(73,'Monet','Emma','emma@novaly.fr','07 77 88 99 11','Novaly','8 avenue Jean Jaurès','69007','Lyon','France'),
(74,'Caron','Antoine','antoine@aurorix.fr','06 44 55 66 77','Aurorix','25 boulevard National','13003','Marseille','France'),
(75,'Granger','Sophie','sophie@quantalis.fr','07 22 33 44 55','Quantalis','3 rue de la République','31000','Toulouse','France'),
(76,'Lopez','Sofia','sofia@iberiasoft.es','+34 622 778 990','IberiaSoft','Gran Via 50','28013','Madrid','Espagne'),
(77,'Chevallier','Lucas','lucas@solora.fr','06 55 66 77 88','Solora','17 quai de la Fosse','44000','Nantes','France'),
(78,'Boucher','Julie','julie@stellara.fr','07 66 77 88 99','Stellara','6 cours de l’Intendance','33000','Bordeaux','France'),
(79,'Pichon','David','david@lumenis.fr','06 77 88 99 00','Lumenis','10 promenade des Anglais','06000','Nice','France'),
(80,'Tremblay','Lucas','lucas@quebecsys.ca','+1 418 555 8899','QuebecSys','Boulevard René-Lévesque 44','G1R','Québec','Canada'),
(81,'Germain','Emma','emma@novastra.fr','07 11 22 33 44','NovaStra','14 rue Faidherbe','59800','Lille','France'),
(82,'Humbert','Tom','tom@auralis.fr','06 33 55 77 99','Auralis','5 place Kléber','67000','Strasbourg','France'),
(83,'Remy','Lina','lina@polarisys.fr','07 44 55 66 77','Polarisys','21 rue Saint-Michel','35000','Rennes','France'),
(84,'Bailly','Noah','noah@skynova.fr','06 11 22 33 44','Skynova','2 rue Pasteur','51100','Reims','France'),
(85,'Rousse','Clara','clara@solvix.fr','07 66 77 88 99','Solvix','9 rue Gambetta','80000','Amiens','France'),
(86,'Keller','Jonas','jonas@alpinedata.ch','+41 78 334 2211','AlpineData','Marktgasse 12','3011','Berne','Suisse'),
(87,'Marceau','Nathan','nathan@novaedge.fr','06 22 44 66 88','NovaEdge','18 avenue Centrale','34000','Montpellier','France'),
(88,'Bois','Julie','julie@luminor.fr','07 55 66 77 88','Luminor','11 rue Victor Basch','21000','Dijon','France'),
(89,'Poulain','Marc','marc@aurora-tech.fr','06 33 44 55 66','Aurora Tech','6 rue des Arts','38000','Grenoble','France'),
(90,'Vidal','Chloe','chloe@skylab.fr','07 77 88 99 00','SkyLab','4 rue Nationale','37000','Tours','France'),
(91,'Jacques','Louis','louis@novaris.fr','06 44 55 66 77','Novaris','15 boulevard Carnot','49100','Angers','France'),
(92,'Dupont','Elise','elise@belsoft.be','+32 488 223344','BelSoft','Avenue Louise 88','1050','Bruxelles','Belgique'),
(93,'Faye','Lea','lea@lumora.fr','07 11 33 55 77','Lumora','6 rue Royale','59000','Lille','France'),
(94,'Bois','Nathan','nathan@polara.fr','06 33 44 55 66','Polara','3 avenue Alsace Lorraine','38000','Grenoble','France'),
(95,'Marchand','Sarah','sarah@celestium.fr','07 77 88 99 11','Celestium','28 rue Saint-Pierre','14000','Caen','France'),
(96,'Perrier','Tom','tom@aurionix.fr','06 44 55 66 77','Aurionix','7 rue du Port','29200','Brest','France'),
(97,'Guillaume','Lina','lina@skyloris.fr','07 22 33 44 55','Skyloris','11 place de la Liberté','83000','Toulon','France'),
(98,'Rossi','Marco','marco@italiatech.it','+39 347 222 3344','ItaliaTech','Via Milano 22','20100','Milan','Italie'),
(99,'Morin','Noah','noah@lumis.fr','06 55 66 77 88','Lumis','19 rue Gambetta','86000','Poitiers','France'),
(100,'Meunier','Clara','clara@novaidea.fr','07 44 55 66 77','NovaIdea','2 boulevard Wilson','66000','Perpignan','France');







INSERT INTO public.utilisateur VALUES
('u001','Durand','Paul','paul.durand@luminatech.fr','$2b$12$example1','06 12 45 78 32','LuminaTech','12 rue Victor Hugo','75015','Paris','France'),
('u002','Martin','Sophie','sophie.martin@novastrat.fr','$2b$12$example2','07 55 83 19 64','NovaStrat','8 avenue Jean Jaurès','69007','Lyon','France'),
('u003','Bernard','Luc','luc.bernard@bluecanyon.fr','$2b$12$example3','06 89 21 43 77','BlueCanyon Solutions','25 boulevard National','13003','Marseille','France'),
('u004','Petit','Claire','claire.petit@eclatcreatif.fr','$2b$12$example4','07 42 16 90 58','Éclat Créatif','3 rue de la République','31000','Toulouse','France');




INSERT INTO public.statut (id_statut, nom_statut, facture) VALUES
(1, 'Brouillon', false),
(2, 'Envoyé', false),
(3, 'En attente', false),
(4, 'Refusé', false),
(5, 'Brouillon', true),
(6, 'Envoyée', true),
(7, 'Payée', true),
(8, 'En attente', true),
(9, 'En retard', true);




INSERT INTO public.service (id_service, description_service, montant_service) VALUES
(1, 'Consultation stratégique', 120.00),
(2, 'Développement web front-end', 80.00),
(3, 'Développement web back-end', 90.00),
(4, 'Audit de processus interne', 100.00),
(5, 'Formation logiciel bureautique', 60.00),
(6, 'Création de logo', 50.00),
(7, 'Campagne marketing digital', 75.00),
(8, 'Maintenance informatique', 65.00),
(9, 'Réalisation vidéo promotionnelle', 70.00),
(10, 'Conseil cybersécurité', 110.00),
(11, 'Optimisation SEO', 85.00),
(12, 'Gestion réseaux sociaux', 55.00),
(13, 'Rédaction de contenu web', 45.00),
(14, 'Conception UX/UI', 95.00),
(15, 'Analyse de données', 100.00),
(16, 'Support technique à distance', 50.00),
(17, 'Déploiement cloud', 120.00),
(18, 'Formation sécurité informatique', 80.00),
(19, 'Photographie professionnelle', 65.00),
(20, 'Design d’interface mobile', 90.00),
(21, 'Audit financier', 110.00),
(22, 'Conseil en gestion de projet', 100.00),
(23, 'Animation réseaux sociaux', 55.00),
(24, 'Réalisation maquettes graphiques', 60.00),
(25, 'Installation serveur', 95.00),
(26, 'Optimisation base de données', 105.00),
(27, 'Création newsletter', 50.00),
(28, 'Plan marketing stratégique', 120.00),
(29, 'Support client', 45.00),
(30, 'Conseil en organisation interne', 85.00);




INSERT INTO public.facture (id_facture, numero_facture, date_facture, echeance_facture, montant_total_facture, id_client_fk, id_user_fk, id_statut_fk) VALUES
(1, 'F001', '2026-01-05', '2026-02-04', 1240.50, 1, 'u001', 6),
(2, 'F002', '2026-01-10', '2026-02-09', 850.00, 2, 'u002', 7),
(3, 'F003', '2026-01-12', '2026-02-11', 2300.75, 3, 'u003', 6),
(4, 'F004', '2026-01-14', '2026-02-13', 560.00, 4, 'u004', 8),
(5, 'F005', '2026-01-16', '2026-02-15', 1990.20, 5, 'u001', 6),
(6, 'F006', '2026-01-18', '2026-02-17', 125.50, 6, 'u002', 7),
(7, 'F007', '2026-01-20', '2026-02-19', 3000.00, 7, 'u003', 6),
(8, 'F008', '2026-01-22', '2026-02-21', 780.00, 8, 'u004', 9),
(9, 'F009', '2026-01-24', '2026-02-23', 1450.35, 9, 'u001', 6),
(10, 'F010', '2026-01-26', '2026-02-25', 670.00, 10, 'u002', 7),
(11, 'F011', '2026-01-28', '2026-02-27', 980.00, 11, 'u003', 8),
(12, 'F012', '2026-01-30', '2026-03-01', 2100.00, 12, 'u004', 6),
(13, 'F013', '2026-02-01', '2026-03-03', 430.50, 13, 'u001', 9),
(14, 'F014', '2026-02-03', '2026-03-05', 1750.75, 14, 'u002', 6),
(15, 'F015', '2026-02-05', '2026-03-07', 990.00, 15, 'u003', 7),
(16, 'F016', '2026-02-07', '2026-03-09', 2650.20, 16, 'u004', 6),
(17, 'F017', '2026-02-09', '2026-03-11', 580.00, 17, 'u001', 8),
(18, 'F018', '2026-02-11', '2026-03-13', 1340.00, 18, 'u002', 6),
(19, 'F019', '2026-02-13', '2026-03-15', 2200.50, 19, 'u003', 7),
(20, 'F020', '2026-02-15', '2026-03-17', 790.00, 20, 'u004', 9),
(21, 'F021', '2026-02-16', '2026-03-18', 1520.00, 21, 'u001', 6),
(22, 'F022', '2026-02-17', '2026-03-19', 640.50, 22, 'u002', 7),
(23, 'F023', '2026-02-18', '2026-03-20', 980.75, 23, 'u003', 6),
(24, 'F024', '2026-02-19', '2026-03-21', 1345.00, 24, 'u004', 8),
(25, 'F025', '2026-02-20', '2026-03-22', 2120.40, 25, 'u001', 6),
(26, 'F026', '2026-02-21', '2026-03-23', 450.00, 1, 'u002', 9),
(27, 'F027', '2026-02-22', '2026-03-24', 1760.00, 2, 'u003', 6),
(28, 'F028', '2026-02-23', '2026-03-25', 980.30, 3, 'u004', 7),
(29, 'F029', '2026-02-24', '2026-03-26', 3200.00, 4, 'u001', 6),
(30, 'F030', '2026-02-25', '2026-03-27', 550.50, 5, 'u002', 8),
(31, 'F031', '2026-02-26', '2026-03-28', 1780.00, 6, 'u003', 6),
(32, 'F032', '2026-02-27', '2026-03-29', 890.00, 7, 'u004', 7),
(33, 'F033', '2026-02-28', '2026-03-30', 2450.20, 8, 'u001', 6),
(34, 'F034', '2026-03-01', '2026-03-31', 670.50, 9, 'u002', 8),
(35, 'F035', '2026-03-02', '2026-04-01', 1320.00, 10, 'u003', 6),
(36, 'F036', '2026-03-03', '2026-04-02', 780.00, 11, 'u004', 9),
(37, 'F037', '2026-03-04', '2026-04-03', 2500.00, 12, 'u001', 6),
(38, 'F038', '2026-03-05', '2026-04-04', 910.50, 13, 'u002', 7),
(39, 'F039', '2026-03-06', '2026-04-05', 430.75, 14, 'u003', 6),
(40, 'F040', '2026-03-07', '2026-04-06', 1950.00, 15, 'u004', 8),
(41, 'F041', '2026-03-08', '2026-04-07', 1150.20, 16, 'u001', 6),
(42, 'F042', '2026-03-09', '2026-04-08', 670.00, 17, 'u002', 7),
(43, 'F043', '2026-03-10', '2026-04-09', 980.50, 18, 'u003', 6),
(44, 'F044', '2026-03-11', '2026-04-10', 1420.00, 19, 'u004', 9),
(45, 'F045', '2026-03-12', '2026-04-11', 3200.75, 20, 'u001', 6),
(46, 'F046', '2026-03-13', '2026-04-12', 560.00, 21, 'u002', 8),
(47, 'F047', '2026-03-14', '2026-04-13', 1340.30, 22, 'u003', 6),
(48, 'F048', '2026-03-15', '2026-04-14', 1780.50, 23, 'u004', 7),
(49, 'F049', '2026-03-16', '2026-04-15', 2450.00, 24, 'u001', 6),
(50, 'F050', '2026-03-17', '2026-04-16', 910.00, 25, 'u002', 9),
(51, 'F051', '2026-03-18', '2026-04-17', 1200.00, 1, 'u003', 6),
(52, 'F052', '2026-03-19', '2026-04-18', 1450.50, 2, 'u004', 7),
(53, 'F053', '2026-03-20', '2026-04-19', 670.00, 3, 'u001', 6),
(54, 'F054', '2026-03-21', '2026-04-20', 980.20, 4, 'u002', 8),
(55, 'F055', '2026-03-22', '2026-04-21', 2200.00, 5, 'u003', 6),
(56, 'F056', '2026-03-23', '2026-04-22', 560.50, 6, 'u004', 9),
(57, 'F057', '2026-03-24', '2026-04-23', 1340.00, 7, 'u001', 6),
(58, 'F058', '2026-03-25', '2026-04-24', 2450.75, 8, 'u002', 7),
(59, 'F059', '2026-03-26', '2026-04-25', 910.00, 9, 'u003', 6),
(60, 'F060', '2026-03-27', '2026-04-26', 1780.50, 10, 'u004', 8),
(61, 'F061', '2026-03-28', '2026-04-27', 1340.30, 11, 'u001', 6),
(62, 'F062', '2026-03-29', '2026-04-28', 560.00, 12, 'u002', 9),
(63, 'F063', '2026-03-30', '2026-04-29', 2450.00, 13, 'u003', 6),
(64, 'F064', '2026-03-31', '2026-05-01', 910.50, 14, 'u004', 7),
(65, 'F065', '2026-04-01', '2026-05-01', 1320.00, 15, 'u001', 6),
(66, 'F066', '2026-04-02', '2026-05-02', 780.00, 16, 'u002', 8),
(67, 'F067', '2026-04-03', '2026-05-03', 2500.50, 17, 'u003', 6),
(68, 'F068', '2026-04-04', '2026-05-04', 910.00, 18, 'u004', 9),
(69, 'F069', '2026-04-05', '2026-05-05', 430.50, 19, 'u001', 6),
(70, 'F070', '2026-04-06', '2026-05-06', 1950.00, 20, 'u002', 7),
(71, 'F071', '2026-04-07', '2026-05-07', 1150.50, 21, 'u003', 6),
(72, 'F072', '2026-04-08', '2026-05-08', 670.00, 22, 'u004', 8),
(73, 'F073', '2026-04-09', '2026-05-09', 980.50, 23, 'u001', 6),
(74, 'F074', '2026-04-10', '2026-05-10', 1420.00, 24, 'u002', 7),
(75, 'F075', '2026-04-11', '2026-05-11', 3200.75, 25, 'u003', 6),
(76, 'F076', '2026-04-12', '2026-05-12', 560.00, 1, 'u004', 8),
(77, 'F077', '2026-04-13', '2026-05-13', 1340.30, 2, 'u001', 6),
(78, 'F078', '2026-04-14', '2026-05-14', 1780.50, 3, 'u002', 7),
(79, 'F079', '2026-04-15', '2026-05-15', 2450.00, 4, 'u003', 6),
(80, 'F080', '2026-04-16', '2026-05-16', 910.00, 5, 'u004', 9),
(81, 'F081', '2026-04-17', '2026-05-17', 1200.00, 6, 'u001', 6),
(82, 'F082', '2026-04-18', '2026-05-18', 1450.50, 7, 'u002', 7),
(83, 'F083', '2026-04-19', '2026-05-19', 670.00, 8, 'u003', 6),
(84, 'F084', '2026-04-20', '2026-05-20', 980.20, 9, 'u004', 8),
(85, 'F085', '2026-04-21', '2026-05-21', 2200.00, 10, 'u001', 6),
(86, 'F086', '2026-04-22', '2026-05-22', 560.50, 11, 'u002', 9),
(87, 'F087', '2026-04-23', '2026-05-23', 1340.00, 12, 'u003', 6),
(88, 'F088', '2026-04-24', '2026-05-24', 2450.75, 13, 'u004', 7),
(89, 'F089', '2026-04-25', '2026-05-25', 910.00, 14, 'u001', 6),
(90, 'F090', '2026-04-26', '2026-05-26', 1780.50, 15, 'u002', 8),
(91, 'F091', '2026-04-27', '2026-05-27', 1340.30, 16, 'u003', 6),
(92, 'F092', '2026-04-28', '2026-05-28', 560.00, 17, 'u004', 9),
(93, 'F093', '2026-04-29', '2026-05-29', 2450.00, 18, 'u001', 6),
(94, 'F094', '2026-04-30', '2026-05-30', 910.50, 19, 'u002', 7),
(95, 'F095', '2026-05-01', '2026-05-31', 1320.00, 20, 'u003', 6),
(96, 'F096', '2026-05-02', '2026-06-01', 780.00, 21, 'u004', 8),
(97, 'F097', '2026-05-03', '2026-06-02', 2500.50, 22, 'u001', 6),
(98, 'F098', '2026-05-04', '2026-06-03', 910.00, 23, 'u002', 9),
(99, 'F099', '2026-05-05', '2026-06-04', 430.50, 24, 'u003', 6),
(100, 'F100', '2026-05-06', '2026-06-05', 1950.00, 25, 'u004', 7);





-- Factures 1 à 100, nombre de services variable (1 à 5), durée 1-8
INSERT INTO public.facture_service (id_facture_fk, id_service_fk, duree_service) VALUES
(1,2,4),(1,7,2),
(2,1,5),(2,4,3),(2,12,2),
(3,5,1),
(4,3,2),(4,6,3),(4,9,1),(4,11,4),
(5,2,3),(5,8,2),
(6,1,4),(6,5,3),(6,7,2),
(7,3,2),
(8,4,5),(8,6,1),(8,9,2),(8,12,3),(8,14,1),
(9,2,3),(9,7,2),
(10,1,2),(10,5,3),(10,8,1),
(11,3,4),(11,6,2),
(12,2,5),(12,7,1),(12,10,2),
(13,1,3),
(14,4,2),(14,5,1),(14,12,4),
(15,3,2),(15,6,3),(15,9,1),(15,11,2),
(16,2,4),
(17,1,2),(17,5,3),(17,7,1),
(18,3,5),(18,6,2),(18,12,1),
(19,2,3),
(20,1,4),(20,8,2),(20,10,1),
(21,3,2),(21,7,5),
(22,1,4),
(23,5,2),(23,8,3),(23,12,1),
(24,2,3),(24,6,4),(24,9,2),(24,14,1),
(25,3,5),
(26,1,2),(26,7,4),(26,11,3),
(27,5,1),(27,6,2),
(28,2,3),(28,8,5),(28,10,1),(28,12,2),
(29,4,3),
(30,1,2),(30,5,4),(30,7,1),
(31,3,3),(31,9,2),(31,12,1),
(32,2,4),
(33,1,5),(33,6,2),
(34,3,2),(34,7,3),(34,10,1),
(35,5,4),
(36,2,3),(36,8,2),(36,11,1),
(37,1,2),(37,4,5),(37,9,3),
(38,3,1),
(39,2,4),(39,5,2),(39,7,3),
(40,1,3),(40,6,1),(40,12,2),(40,14,1),
(41,2,3),(41,6,1),(41,9,4),
(42,1,5),
(43,3,2),(43,7,3),(43,12,1),
(44,5,2),(44,8,4),
(45,2,3),
(46,1,6),(46,4,2),(46,9,1),
(47,3,2),(47,7,3),
(48,2,5),(48,6,1),(48,12,2),(48,14,3),
(49,1,3),
(50,5,2),(50,8,1),(50,11,4),
(51,3,2),(51,6,5),
(52,2,4),(52,7,2),
(53,1,3),(53,5,2),(53,9,1),
(54,3,2),
(55,2,4),(55,6,1),(55,12,3),
(56,1,5),(56,8,2),
(57,3,3),(57,7,1),
(58,2,2),(58,5,4),(58,10,1),
(59,1,3),(59,6,2),(59,12,1),
(60,3,2),(60,8,3),
(61,1,4),(61,5,2),
(62,3,1),(62,6,3),(62,9,2),
(63,2,5),
(64,1,3),(64,7,1),(64,12,2),
(65,3,2),(65,8,4),
(66,2,3),(66,5,1),(66,10,2),
(67,1,2),(67,6,3),
(68,3,4),(68,7,1),(68,12,2),
(69,2,5),
(70,1,3),(70,8,2),(70,9,1),
(71,3,2),(71,6,4),
(72,2,3),(72,5,1),(72,11,2),
(73,1,4),
(74,3,2),(74,7,3),(74,12,1),
(75,2,5),
(76,1,2),(76,6,3),(76,9,1),
(77,3,4),(77,8,2),
(78,2,3),(78,5,1),(78,10,2),
(79,1,3),(79,6,2),
(80,3,2),(80,7,1),(80,12,3),
(81,2,4),(81,5,2),(81,9,1),
(82,1,3),(82,6,2),
(83,3,5),(83,7,1),
(84,2,2),(84,8,3),(84,12,1),
(85,1,4),(85,5,1),
(86,3,3),(86,6,2),
(87,2,5),(87,7,1),(87,10,2),
(88,1,2),(88,8,4),
(89,3,2),(89,5,3),(89,12,1),
(90,2,3),
(91,1,5),(91,6,2),
(92,3,2),(92,7,3),(92,9,1),
(93,2,4),
(94,1,3),(94,5,1),(94,10,2),
(95,3,2),(95,6,4),
(96,2,3),(96,8,1),(96,12,2),
(97,1,2),(97,5,3),
(98,3,4),(98,7,1),
(99,2,3),(99,6,2),(99,9,1),
(100,1,4),(100,8,2),(100,12,1);






INSERT INTO public.devis (id_devis, numero_devis, date_devis, montant_total_devis, id_client_fk, id_user_fk, id_statut_fk) VALUES
(1,'DV-2026-001','2026-01-05',0,3,'u001',1),
(2,'DV-2026-002','2026-01-08',0,7,'u002',2),
(3,'DV-2026-003','2026-01-12',0,2,'u003',1),
(4,'DV-2026-004','2026-01-15',0,5,'u004',2),
(5,'DV-2026-005','2026-01-18',0,8,'u001',1),
(6,'DV-2026-006','2026-01-22',0,1,'u002',2),
(7,'DV-2026-007','2026-01-25',0,4,'u003',1),
(8,'DV-2026-008','2026-01-28',0,6,'u004',2),
(9,'DV-2026-009','2026-02-01',0,9,'u001',1),
(10,'DV-2026-010','2026-02-04',0,2,'u002',2),
(11,'DV-2026-011','2026-02-08',0,3,'u003',1),
(12,'DV-2026-012','2026-02-12',0,7,'u004',2),
(13,'DV-2026-013','2026-02-15',0,5,'u001',1),
(14,'DV-2026-014','2026-02-18',0,8,'u002',2),
(15,'DV-2026-015','2026-02-21',0,1,'u003',1),
(16,'DV-2026-016','2026-02-25',0,4,'u004',2),
(17,'DV-2026-017','2026-02-28',0,6,'u001',1),
(18,'DV-2026-018','2026-03-02',0,9,'u002',2),
(19,'DV-2026-019','2026-03-05',0,2,'u003',1),
(20,'DV-2026-020','2026-03-08',0,3,'u004',2);




INSERT INTO public.devis_service (id_devis_fk, id_service_fk, duree_service) VALUES
(1,3,4),(1,7,2),(1,12,1),
(2,1,5),(2,5,3),
(3,2,2),
(4,6,4),(4,8,2),(4,11,1),(4,14,3),
(5,3,2),
(6,1,3),(6,5,1),
(7,2,4),(7,7,2),
(8,3,5),(8,6,1),(8,9,2),
(9,1,3),(9,12,4),
(10,2,2),
(11,3,1),(11,5,3),
(12,6,2),(12,8,4),
(13,1,3),(13,7,2),(13,12,1),
(14,2,5),
(15,3,2),(15,6,3),
(16,1,4),(16,5,1),
(17,3,2),(17,7,1),(17,10,3),
(18,2,3),
(19,1,4),(19,6,2),
(20,3,5),(20,8,1);



-- calcule le montant total du devis en fonction des services presents dans le devis 

UPDATE public.devis d
SET montant_total_devis = sub.total
FROM (
    SELECT
        ds.id_devis_fk,
        SUM(s.montant_service * ds.duree_service) AS total
    FROM public.devis_service ds
    JOIN public.service s
        ON s.id_service = ds.id_service_fk
    GROUP BY ds.id_devis_fk
) sub
WHERE d.id_devis = sub.id_devis_fk;



-- calcule le montant total de la facture en fonction des services presents dans la factures 

UPDATE public.facture f
SET montant_total_facture = sub.total
FROM (
    SELECT
        fs.id_facture_fk,
        SUM(s.montant_service * fs.duree_service) AS total
    FROM public.facture_service fs
    JOIN public.service s
        ON s.id_service = fs.id_service_fk
    GROUP BY fs.id_facture_fk
) sub
WHERE f.id_facture = sub.id_facture_fk;





-- pour lier un client à un utilisateur

UPDATE public.client
SET id_user_fk = u.user_id
FROM (
    SELECT id_client,
           (ARRAY['u001','u002','u003','u004'])[floor(random()*4 + 1)] AS user_id
    FROM public.client
) u
WHERE public.client.id_client = u.id_client;


